plate1,plate2,plate3,plate4,plate5
PW-D4-L2A,PW-D2-L4A,PW-D4-L4B,PW-D8-MH2B,S-D6-M1A
PW-D2-MH1A,PW-D10-L3A,PW-D2-MH4A,CP-D6-MH3A,S-D10-L4B
CP-D4-ML2A,PW-D2-L2A,PW-D10-MH4A,S-D10-MH1B,CP-D6-L4A
PW-D8-ML2A,PW-D8-ML4A,CP-D10-MH4B,PW-D10-MH4B,CP-D10-H4B
CP-D10-ML4A,PW-D10-ML3A,S-D10-MH1A,CP-D10-MH3B,S-D10-L3A
S-D10-ML4A,PW-D10-MH3B,PW-D8-MH3B,CP-D10-ML2B,CP-D6-M2B
S-D10-ML4B,S-D10-C4A,PW-D6-MH4B,PW-D2-MH2B,CP-D6-M1B
PW-D4-H3A,PW-D4-MH3A,PW-D10-H2A,PW-D4-MH2B,S-D10-H4B
PW-D6-MH4A,PW-D2-C2B,PW-D10-L2A,CP-D6-MH2A,S-D10-L1A
PW-D8-MH2A,PW-D6-H4A,PW-D4-H3B,PW-D6-ML2B,S-D10-M1B
CP-D4-C3A,PW-D2-ML4A,CP-D4-C3B,PW-D2-H4B,CP-D10-H1A
PW-D6-M4A,PW-D2-ML2B,PW-D10-H4B,PW-D8-C2B,CP-D10-L4A
PW-D6-H1A,PW-D2-M4B,PW-D6-H2B,PW-D10-L2B,S-D10-M3A
PW-D2-H3A,S-D10-MH2A,PW-D8-C2A,PW-D10-L4B,CP-D6-H2B
PW-D4-M2A,PW-D4-C2A,PW-D6-M4B,PW-D10-ML4B,S-D6-M1B
S-D10-MH4A,S-D10-ML1A,S-D4-MH2B,CP-D6-MH2B,CP-D6-M4B
PW-D4-C4A,PW-D8-M4A,CP-D4-MH1A,PW-D8-L3B,S-D6-L4B
CP-D10-MH2A,CP-D4-ML1A,PW-D4-M3B,PW-D10-MH1B,S-D10-M3B
PW-D8-C4A,PW-D6-L2B,PW-D8-L4B,S-D10-MH3A,S-D10-H1A
CP-D10-MH4A,PW-D8-ML4B,S-D10-ML2A,PW-D10-L1B,CP-D10-M4B
PW-D2-ML1A,CP-D4-ML3A,PW-D8-M4B,S-D10-C2B,S-D10-H3B
PW-D2-M4A,PW-D4-ML3A,PW-D4-H1B,PW-D4-C1B,CP-D6-L4B
CP-D10-ML1A,PW-D8-ML3A,PW-D2-C3A,PW-D8-L1B,S-D6-H2B
PW-D6-L1A,PW-D4-ML1A,CP-D10-C1B,PW-D2-M1B,S-D6-L2B
PW-D2-M3A,CP-D10-ML3B,PW-D2-C4B,PW-D4-MH3B,S-D10-M4B
PW-D4-H1A,S-D4-C3A,PW-D8-C1B,CP-D6-ML4A,S-D10-L3B
PW-D6-C3A,PW-D10-H3A,CP-D4-MH1B,PW-D2-L4B,S-D10-M2B
S-D4-ML2A,PW-D6-M3B,S-D4-C3B,PW-D10-H2B,S-D10-L1B
CP-D10-MH1A,CP-D10-MH2B,PW-D8-ML3B,CP-D6-C2B,S-D6-M4B
PW-D6-M1A,PW-D6-MH2A,PW-D8-L1A,CP-D6-C3A,S-D6-H3B
PW-D8-ML2B,PW-D10-C1A,PW-D4-MH1B,PW-D8-M2B,CP-D6-L2B
S-D4-MH3A,S-D4-ML1A,PW-D6-L3A,PW-D10-L3B,CP-D10-H1B
PW-D4-ML4A,PW-D4-C2B,S-D4-C2A,PW-D10-M4B,CP-D6-L1B
CP-D10-MH1B,PW-D4-H2B,PW-D2-ML4B,PW-D2-C1B,S-D10-H2A
PW-D6-C1A,PW-D10-L4A,PW-D10-M3B,PW-D10-C4B,S-D6-H1B
PW-D2-H1A,PW-D10-ML3B,S-D4-C1B,PW-D8-C4B,CP-D10-L4B
PW-D8-L2A,S-D10-C1A,PW-D2-C3B,CP-D6-C4B,CP-D6-H4B
CP-D4-C1A,PW-D10-M4A,S-D4-ML4B,PW-D2-MH4B,CP-D10-L2B
PW-D8-L4A,PW-D2-L2B,PW-D10-M1B,CP-D6-ML4B,S-D10-H2B
CP-D10-C1A,PW-D6-C3B,PW-D8-H4B,PW-D2-H2A,CP-D10-H2B
PW-D4-L1A,CP-D10-ML1B,CP-D10-C2A,PW-D10-M2B,PW-D6-M1B
PW-D8-M2A,PW-D6-MH2B,CP-D4-C1B,CP-D6-ML2A,S-D6-M3B
PW-D10-MH3A,PW-D4-L1B,CP-D10-C2B,PW-D2-MH1B,CP-D10-M1B
S-D4-C1A,PW-D6-ML3A,PW-D10-C2B,S-D10-MH3B,S-D6-M2B
PW-D10-ML2A,PW-D2-M3B,PW-D2-H4A,CP-D10-C3B,S-D6-H4B
S-D10-ML3A,PW-D6-M2B,PW-D2-MH3A,PW-D4-L3B,S-D6-L3B
PW-D6-H3A,PW-D4-C3A,S-D10-ML1B,PW-D2-H2B,CP-D10-L3B
PW-D8-M3A,PW-D4-ML3B,PW-D4-C4B,PW-D2-ML3B,S-D10-H1B
S-D4-C4A,S-D6-MH1A,PW-D10-MH2B,CP-D10-H4A,S-D6-MH3A
PW-D2-C4A,PW-D8-ML1B,PW-D2-MH3B,CP-D10-H2A,S-D6-MH3B
CP-D10-C4A,PW-D2-M2A,CP-D4-MH4B,CP-D10-M3A,S-D6-C4B
PW-D4-ML2A,PW-D10-M2A,PW-D8-MH4A,CP-D10-L1A,S-D6-C1A
CP-D10-ML3A,PW-D8-M1B,PW-D8-H3B,CP-D6-M1A,CP-D6-C1A
PW-D2-H1B,PW-D8-MH3A,PW-D8-L2B,CP-D6-L1A,S-D6-ML2A
PW-D6-M3A,CP-D6-C4A,PW-D6-ML1B,S-D10-L2A,S-D6-ML2B
PW-D2-M1A,CP-D10-C3A,PW-D10-H1A,CP-D6-L3A,CP-D6-ML2B
PW-D2-MH2A,PW-D8-H3A,PW-D8-MH4B,S-D10-H4A,S-D6-C3A
S-D4-MH3B,PW-D4-MH4A,PW-D6-C2B,S-D10-H3A,S-D6-ML1A
PW-D10-ML1A,PW-D2-ML3A,PW-D8-H1B,S-D6-L2A,CP-D6-ML1B
PW-D8-C1A,PW-D6-ML3B,PW-D4-M1A,CP-D6-H3A,CP-D6-ML3B
S-D10-C3A,PW-D10-C2A,CP-D10-ML2A,S-D10-L2B,CP-D6-MH4A
PW-D2-C2A,PW-D8-H4A,S-D4-MH4A,S-D10-L4A,S-D6-ML4A
CP-D10-ML4B,PW-D4-ML1B,PW-D6-MH3B,S-D6-M2A,S-D6-MH2A
S-D10-MH4B,PW-D8-H2A,PW-D6-ML4B,S-D6-M3A,S-D6-ML3B
PW-D6-L4A,PW-D6-L4B,PW-D4-M4B,S-D6-H2A,
PW-D2-ML2A,PW-D10-ML4A,PW-D2-ML1B,CP-D6-L2A,
PW-D4-L3A,PW-D6-C4A,PW-D6-C4B,S-D6-L1A,
PW-D4-L4A,PW-D10-ML1B,PW-D4-M1B,CP-D6-L3B,
PW-D4-M2B,PW-D6-H2A,PW-D4-H4B,S-D6-L3A,
PW-D10-M1A,PW-D6-ML1A,PW-D10-C4A,S-D6-L4A,
S-D4-ML3A,PW-D4-MH1A,CP-D6-H1A,S-D6-H1A,
S-D10-ML3B,PW-D4-ML4B,S-D4-ML3B,CP-D6-M4A,
PW-D8-C3A,PW-D6-C2A,PW-D2-L3B,CP-D10-M2A,
S-D4-ML2B,PW-D4-M3A,S-D4-MH1A,CP-D10-L2A,
S-D4-MH2A,PW-D6-MH1A,PW-D2-L1B,S-D6-M4A,
PW-D10-H4A,S-D6-C2A,PW-D6-MH1B,CP-D6-H2A,
PW-D2-L1A,PW-D4-C1A,PW-D8-MH1B,CP-D6-M3B,
PW-D8-M1A,PW-D6-C1B,PW-D4-L2B,CP-D10-H3A,
PW-D10-M3A,PW-D10-H3B,PW-D6-MH3A,S-D10-M4A,
PW-D8-ML1A,S-D6-C4A,CP-D4-MH3A,S-D10-M2A,
PW-D4-H2A,PW-D8-MH1A,PW-D6-L1B,CP-D6-H3B,
PW-D6-M2A,CP-D6-ML1A,PW-D6-H3B,S-D6-H4A,
PW-D6-H1B,PW-D4-M4A,S-D4-ML1B,CP-D10-M1A,
PW-D10-ML2B,PW-D10-MH1A,PW-D2-M2B,CP-D10-M4A,
PW-D4-ML2B,PW-D2-C1A,PW-D10-C3B,CP-D6-H1B,
S-D4-ML4A,PW-D2-L3A,CP-D10-MH3A,CP-D10-M2B,
PW-D4-H4A,S-D10-C4B,S-D10-MH2B,S-D6-L1B,
PW-D10-C3A,S-D6-MH4A,S-D10-C3B,CP-D10-H3B,
PW-D6-ML4A,PW-D8-C3B,CP-D6-ML3A,CP-D6-M3A,
PW-D10-L1A,PW-D10-C1B,PW-D4-MH4B,CP-D6-M2A,
PW-D8-H1A,PW-D6-ML2A,PW-D8-L3A,S-D10-M1A,
PW-D6-L2A,PW-D8-H2B,PW-D10-H1B,CP-D10-L3A,
PW-D8-M3B,PW-D10-MH2A,S-D10-ML2B,CP-D6-H4A,
PW-D4-MH2A,CP-D10-C4B,CP-D6-C2A,S-D6-H3A,
S-D10-C2A,PW-D2-H3B,PW-D6-L3B,CP-D10-L1B,
CP-D4-MH4A,PW-D4-C3B,PW-D6-H4B,CP-D10-M3B,
,,,,
,,,,
,,,,
,,,,
,,,,
,,,,
,,,,
,,,,
,,,,
,,,,
,,,,
,,,,
,,,,
,,,,
,,,,
,,,,
,,,,
,,,,
,,,,
,,,,
,,,,
,,,,
,,,,
,,,,
,,,,
,,,,
,,,,
,,,,
,,,,
,,,,
,,,,
,,,,
,,,,
,,,,
,,,,
,,,,
,,,,
,,,,
,,,,
,,,,
,,,,
,,,,
,,,,
,,,,
,,,,
,,,,
,,,,
,,,,
,,,,
,,,,
,,,,
,,,,
,,,,
,,,,
,,,,
,,,,
,,,,
,,,,
,,,,
,,,,
,,,,
,,,,
,,,,
,,,,
,,,,
,,,,
,,,,
,,,,
,,,,
,,,,
,,,,
,,,,
,,,,
,,,,
,,,,
,,,,
,,,,
,,,,
,,,,
,,,,
,,,,
,,,,
,,,,
,,,,
,,,,
,,,,
,,,,
,,,,
,,,,
,,,,
,,,,
,,,,
,,,,
,,,,
,,,,
,,,,
,,,,
,,,,
,,,,
,,,,
,,,,
,,,,
,,,,
,,,,
,,,,
,,,,
,,,,
,,,,
,,,,
,,,,
,,,,
,,,,
,,,,
,,,,
,,,,
,,,,
,,,,
,,,,
,,,,
,,,,
,,,,
,,,,
,,,,
,,,,
,,,,
,,,,
,,,,
,,,,
,,,,
,,,,
,,,,
,,,,
,,,,
,,,,
,,,,
,,,,
,,,,
,,,,
,,,,
,,,,
,,,,
,,,,
,,,,
,,,,
,,,,
,,,,
,,,,
,,,,
,,,,
,,,,
,,,,
,,,,
,,,,
,,,,
,,,,
,,,,
,,,,
,,,,
,,,,
,,,,
,,,,
,,,,
,,,,
,,,,
,,,,
,,,,
,,,,
,,,,
,,,,
,,,,
,,,,
,,,,
,,,,
,,,,
,,,,
,,,,
,,,,
,,,,
,,,,
,,,,
,,,,
,,,,
,,,,
,,,,
,,,,
,,,,
,,,,
,,,,
,,,,
,,,,
,,,,
,,,,
,,,,
,,,,
,,,,
,,,,
,,,,
,,,,
,,,,
,,,,
,,,,
,,,,
,,,,
,,,,
,,,,
,,,,
,,,,
,,,,
,,,,
,,,,
,,,,
,,,,
,,,,
,,,,
,,,,
,,,,
,,,,
,,,,
,,,,
,,,,
,,,,
,,,,
,,,,
,,,,
,,,,
,,,,
,,,,
,,,,
,,,,
,,,,
,,,,
,,,,
,,,,
,,,,
,,,,
,,,,
,,,,
,,,,
,,,,
,,,,
,,,,
,,,,
,,,,
,,,,
,,,,
,,,,
,,,,
,,,,
,,,,
,,,,
,,,,
,,,,
,,,,
,,,,
,,,,
,,,,
,,,,
,,,,
,,,,
,,,,
,,,,
,,,,
,,,,
,,,,
,,,,
,,,,
,,,,
,,,,
,,,,
,,,,
,,,,
,,,,
,,,,
,,,,
,,,,
,,,,
,,,,
,,,,
,,,,
,,,,
,,,,
,,,,
,,,,
,,,,
,,,,
,,,,
,,,,
,,,,
,,,,
,,,,
,,,,
,,,,
,,,,
,,,,
,,,,
,,,,
,,,,
,,,,
,,,,
,,,,
,,,,
,,,,
,,,,
,,,,
,,,,
,,,,
,,,,
,,,,
,,,,
,,,,
,,,,
,,,,
,,,,
,,,,
,,,,
,,,,
,,,,
,,,,
,,,,
,,,,
,,,,
,,,,
,,,,
,,,,
,,,,
,,,,
,,,,
,,,,
,,,,
,,,,
,,,,
,,,,
,,,,
,,,,
,,,,
,,,,
,,,,
,,,,
,,,,
,,,,
,,,,
,,,,
,,,,
,,,,
,,,,
,,,,
,,,,
,,,,
,,,,
,,,,
,,,,
,,,,
,,,,
,,,,
,,,,
,,,,
,,,,
,,,,
,,,,
,,,,
,,,,
,,,,
,,,,
,,,,
,,,,
,,,,
,,,,
,,,,
,,,,
,,,,
,,,,
,,,,
,,,,
,,,,
,,,,
,,,,
,,,,
,,,,
,,,,
,,,,
,,,,
,,,,
,,,,
,,,,
,,,,
,,,,
,,,,
,,,,
,,,,
,,,,
,,,,
,,,,
,,,,
,,,,
,,,,
,,,,
,,,,
,,,,
,,,,
,,,,
,,,,
,,,,
,,,,
,,,,
,,,,
,,,,
,,,,
,,,,
,,,,
,,,,
,,,,
,,,,
,,,,
,,,,
,,,,
,,,,
,,,,
,,,,
,,,,
,,,,
,,,,
,,,,
,,,,
,,,,
,,,,
,,,,
,,,,
,,,,
,,,,
,,,,
,,,,
,,,,
,,,,
,,,,
,,,,
,,,,
,,,,
,,,,
,,,,
,,,,
,,,,
,,,,
,,,,
,,,,
,,,,
,,,,
,,,,
,,,,
,,,,
,,,,
,,,,
,,,,
,,,,
,,,,
,,,,
,,,,
,,,,
,,,,
,,,,
,,,,
,,,,
,,,,
,,,,
,,,,
,,,,
,,,,
,,,,
,,,,
,,,,
,,,,
,,,,
,,,,
,,,,
,,,,
,,,,
,,,,
,,,,
,,,,
,,,,
,,,,
,,,,
,,,,
,,,,
,,,,
,,,,
,,,,
,,,,
,,,,
,,,,
,,,,
,,,,
,,,,
,,,,
,,,,
,,,,
,,,,
,,,,
,,,,
,,,,
,,,,
,,,,
,,,,
,,,,
,,,,
,,,,
,,,,
,,,,
,,,,
,,,,
,,,,
,,,,
,,,,
,,,,
,,,,
,,,,
,,,,
,,,,
,,,,
,,,,
,,,,
,,,,
,,,,
,,,,
,,,,
,,,,
,,,,
,,,,
,,,,
,,,,
,,,,
,,,,
,,,,
,,,,
,,,,
,,,,
,,,,
,,,,
,,,,
,,,,
,,,,
,,,,
,,,,
,,,,
,,,,
,,,,
,,,,
,,,,
,,,,
,,,,
,,,,
,,,,
,,,,
,,,,
,,,,
,,,,
,,,,
,,,,
,,,,
,,,,
,,,,
,,,,
,,,,
,,,,
,,,,
,,,,
,,,,
,,,,
,,,,
,,,,
,,,,
,,,,
,,,,
,,,,
,,,,
,,,,
,,,,
,,,,
,,,,
,,,,
,,,,
,,,,
,,,,
,,,,
,,,,
,,,,
,,,,
,,,,
,,,,
,,,,
,,,,
,,,,
,,,,
,,,,
,,,,
,,,,
,,,,
,,,,
,,,,
,,,,
,,,,
,,,,
,,,,
,,,,
,,,,
,,,,
,,,,
,,,,
,,,,
,,,,
,,,,
,,,,
,,,,
,,,,
,,,,
,,,,
,,,,
,,,,
,,,,
,,,,
,,,,
,,,,
,,,,
,,,,
,,,,
,,,,
,,,,
,,,,
,,,,
,,,,
,,,,
,,,,
,,,,
,,,,
,,,,
,,,,
,,,,
,,,,
,,,,
,,,,
,,,,
,,,,
,,,,
,,,,
,,,,
,,,,
,,,,
,,,,
,,,,
,,,,
,,,,
,,,,
,,,,
,,,,
,,,,
,,,,
,,,,
,,,,
,,,,
,,,,
,,,,
,,,,
,,,,
,,,,
,,,,
,,,,
,,,,
,,,,
,,,,
,,,,
,,,,
,,,,
,,,,
,,,,
,,,,
,,,,
,,,,
,,,,
,,,,
,,,,
,,,,
,,,,
,,,,
,,,,
,,,,
,,,,
,,,,
,,,,
,,,,
,,,,
,,,,
,,,,
,,,,
,,,,
,,,,
,,,,
,,,,
,,,,
,,,,
,,,,
,,,,
,,,,
,,,,
,,,,
,,,,
,,,,
,,,,
,,,,
,,,,
,,,,
,,,,
,,,,
,,,,
,,,,
,,,,
,,,,
,,,,
,,,,
,,,,
,,,,
,,,,
,,,,
,,,,
,,,,
,,,,
,,,,
,,,,
,,,,
,,,,
,,,,
,,,,
,,,,
,,,,
,,,,
,,,,
,,,,
,,,,
,,,,
,,,,
,,,,
,,,,
,,,,
,,,,
,,,,
,,,,
,,,,
,,,,
,,,,
,,,,
,,,,
,,,,
,,,,
,,,,
,,,,
,,,,
,,,,
,,,,
,,,,
,,,,
,,,,
,,,,
,,,,
,,,,
,,,,
,,,,
,,,,
,,,,
,,,,
,,,,
,,,,
,,,,
,,,,
,,,,
,,,,
,,,,
,,,,
,,,,
,,,,
,,,,
,,,,
,,,,
,,,,
,,,,
,,,,
,,,,
,,,,
,,,,
,,,,
,,,,
,,,,
,,,,
,,,,
,,,,
,,,,
,,,,
,,,,
,,,,
,,,,
,,,,
,,,,
,,,,
,,,,
,,,,
,,,,
,,,,
,,,,
,,,,
,,,,
,,,,
,,,,
,,,,
,,,,
,,,,
,,,,
,,,,
,,,,
,,,,
,,,,
,,,,
,,,,
,,,,
,,,,
,,,,
,,,,
,,,,
,,,,
,,,,
,,,,
,,,,
,,,,
,,,,
,,,,
,,,,
,,,,
,,,,
,,,,
,,,,
,,,,
,,,,
,,,,
,,,,
,,,,
,,,,
,,,,
,,,,
,,,,
,,,,
,,,,
,,,,
,,,,
,,,,
,,,,
,,,,
,,,,
,,,,
,,,,
,,,,
,,,,
,,,,
,,,,
,,,,
,,,,
,,,,
,,,,
,,,,
,,,,
,,,,
,,,,
,,,,
,,,,
,,,,
,,,,
,,,,
,,,,
,,,,
,,,,
,,,,
,,,,
,,,,
,,,,
,,,,
,,,,
,,,,
,,,,
,,,,
,,,,
,,,,
,,,,
,,,,
,,,,
,,,,
,,,,
,,,,
,,,,
,,,,
,,,,
,,,,
,,,,
,,,,
,,,,
,,,,
,,,,
,,,,
,,,,